{
	"format_version": "1.8.0",
	"animations": {
		"crawl54": {
			"loop": true,
			"animation_length": 1,
			"bones": {
				"body": {
					"rotation": {
						"vector": [-90, 0, 0]
					},
					"position": {
						"vector": [0, -10, 0]
					}
				},
				"torso": {
					"rotation": {
						"vector": [31.70182, -22.80524, -0.506]
					},
					"position": {
						"vector": [1.69128, -1.07463, -5.01779]
					}
				},
				"head": {
					"rotation": {
						"vector": [70.83547, -4.7276, 9.17375]
					},
					"position": {
						"vector": [2.34359, 0.29399, -4.83962]
					}
				},
				"right_arm": {
					"rotation": {
						"vector": [64.43323, -44.86776, -1.04772]
					},
					"position": {
						"vector": [1.54934, 0.20698, -4.59108]
					}
				},
				"left_arm": {
					"rotation": {
						"vector": [38.23737, 60.65623, -32.39835]
					},
					"position": {
						"vector": [1.08385, -0.64018, -2.24933]
					}
				},
				"right_leg": {
					"rotation": {
						"vector": [3.22797, -11.55385, 6.36929]
					},
					"position": {
						"vector": [0.14284, 0.11562, -0.63846]
					}
				},
				"left_leg": {
					"rotation": {
						"vector": [47.61724, -52.31107, 18.01278]
					},
					"position": {
						"vector": [3.89276, 0.50148, -3.2645]
					}
				},
				"cape_bone": {
					"rotation": {
						"vector": [-215, 0, 0]
					}
				}
			}
		},
		"crawl4": {
			"loop": true,
			"bones": {
				"head": {
					"scale": {
						"vector": [1, 3.7, 1]
					}
				}
			}
		},
		"slide_1": {
			"loop": true,
			"bones": {
				"body": {
					"rotation": {
						"vector": [-90, 0, 0]
					},
					"position": {
						"vector": [0, -10, 0]
					}
				},
				"torso": {
					"rotation": {
						"vector": [31.70182, -22.80524, -0.506]
					},
					"position": {
						"vector": [1.69128, -1.07463, -5.01779]
					}
				},
				"head": {
					"rotation": {
						"vector": [70.83547, -4.7276, 9.17375]
					},
					"position": {
						"vector": [2.34359, 0.29399, -4.83962]
					}
				},
				"right_arm": {
					"rotation": {
						"vector": [64.43323, -44.86776, -1.04772]
					},
					"position": {
						"vector": [1.54934, 0.20698, -4.59108]
					}
				},
				"left_arm": {
					"rotation": {
						"vector": [38.23737, 60.65623, -32.39835]
					},
					"position": {
						"vector": [1.08385, -0.64018, -2.24933]
					}
				},
				"right_leg": {
					"rotation": {
						"vector": [3.22797, -11.55385, 6.36929]
					},
					"position": {
						"vector": [0.14284, 0.11562, -0.63846]
					}
				},
				"left_leg": {
					"rotation": {
						"vector": [47.61724, -52.31107, 18.01278]
					},
					"position": {
						"vector": [3.89276, 0.50148, -3.2645]
					}
				}
			}
		},
		"slide_2": {
			"loop": true,
			"animation_length": 1.625,
			"bones": {
				"body": {
					"rotation": {
						"vector": [-90, 0, 0]
					},
					"position": {
						"vector": [0, -8, 0]
					}
				},
				"torso": {
					"rotation": {
						"vector": [22.80593, 32.71836, 3.779]
					},
					"position": {
						"vector": [-0.25121, 0.19994, -3.88989]
					}
				},
				"head": {
					"rotation": {
						"vector": [89.39779, 19.57842, 16.7023]
					},
					"position": {
						"vector": [-1.12719, 0.34442, -5.31631]
					}
				},
				"right_arm": {
					"rotation": {
						"vector": [82.11999, -55.41137, 79.562]
					},
					"position": {
						"vector": [-0.53972, 2.20446, -0.44459]
					}
				},
				"left_arm": {
					"rotation": {
						"vector": [-33.68531, 59.6369, -82.16054]
					},
					"position": {
						"vector": [-1.76912, -0.29658, -5.23625]
					}
				},
				"right_leg": {
					"rotation": {
						"vector": [0, 5, 0]
					},
					"position": {
						"vector": [0, 0.5, 1]
					}
				},
				"left_leg": {
					"rotation": {
						"vector": [53.75385, 8.08064, 11.94165]
					},
					"position": {
						"vector": [-0.25394, 3.1499, -5.01848]
					}
				}
			}
		},
		"wall_run_3": {
			"loop": true,
			"bones": {
				"body": {
					"rotation": {
						"vector": [10.23772, -12.3071, -32.20462]
					},
					"position": {
						"vector": [-0.2, 0, 0]
					}
				},
				"head": {
					"rotation": {
						"vector": [-5, 17.5, 0]
					}
				},
				"right_arm": {
					"rotation": {
						"vector": [-22.5, 0, 67.5]
					}
				},
				"left_arm": {
					"rotation": {
						"vector": [25, 0, -105]
					}
				},
				"right_leg": {
					"rotation": {
						"vector": [-25, 0, -25]
					}
				},
				"left_leg": {
					"rotation": {
						"vector": [12.75233, -16.80616, -6.49107]
					}
				}
			}
		},
		"wall_run_2": {
			"loop": true,
			"bones": {
				"body": {
					"rotation": {
						"vector": [10.23772, 12.3071, 32.20462]
					},
					"position": {
						"vector": [-3, 0, 0]
					}
				},
				"right_arm": {
					"rotation": {
						"vector": [25, 0, 105]
					}
				},
				"left_arm": {
					"rotation": {
						"vector": [-22.5, 0, -67.5]
					}
				},
				"right_leg": {
					"rotation": {
						"vector": [12.75233, 16.80616, 6.49107]
					}
				},
				"left_leg": {
					"rotation": {
						"vector": [-25, 0, 25]
					}
				},
				"bone": {
					"position": {
						"vector": [-32, 0, 0]
					}
				}
			}
		},
		"wall_climb": {
			"loop": true,
			"animation_length": 0.9167,
			"bones": {
				"body": {
					"rotation": {
						"0.0": {
							"vector": [10, 0, 0]
						},
						"0.375": {
							"vector": [10, 0, 0]
						},
						"0.4583": {
							"vector": [10, 0, 0]
						},
						"0.5833": {
							"vector": [10, 0, 0]
						},
						"0.8333": {
							"vector": [10, 0, 0]
						},
						"0.9167": {
							"vector": [10, 0, 0]
						}
					}
				},
				"torso": {
					"rotation": {
						"vector": [0, 0, 0]
					},
					"position": {
						"0.0": {
							"vector": [0, 0, 0]
						},
						"0.125": {
							"vector": [0, 1.96962, 0.3473]
						},
						"0.375": {
							"vector": [0, 0, 0]
						},
						"0.4583": {
							"vector": [0, 0, 0]
						},
						"0.5833": {
							"vector": [0, 1.96962, 0.3473]
						},
						"0.8333": {
							"vector": [0, 0, 0]
						},
						"0.9167": {
							"vector": [0, 0, 0]
						}
					}
				},
				"head": {
					"rotation": {
						"0.0": {
							"vector": [-20, 0, 0]
						},
						"0.375": {
							"vector": [-20, 0, 0]
						},
						"0.4583": {
							"vector": [-20, 0, 0]
						},
						"0.5833": {
							"vector": [-20, 0, 0]
						},
						"0.8333": {
							"vector": [-20, 0, 0]
						},
						"0.9167": {
							"vector": [-20, 0, 0]
						}
					},
					"position": {
						"0.0": {
							"vector": [0, 0, 0]
						},
						"0.125": {
							"vector": [0, 1.96962, 0.3473]
						},
						"0.375": {
							"vector": [0, 0, 0]
						},
						"0.4583": {
							"vector": [0, 0, 0]
						},
						"0.5833": {
							"vector": [0, 1.96962, 0.3473]
						},
						"0.8333": {
							"vector": [0, 0, 0]
						},
						"0.9167": {
							"vector": [0, 0, 0]
						}
					}
				},
				"right_arm": {
					"rotation": {
						"0.0": {
							"vector": [-123.21865, 20.29348, 9.92926]
						},
						"0.375": {
							"vector": [-85.22, 20.29, 9.93]
						},
						"0.4583": {
							"vector": [-85.22, 20.29, 9.93]
						},
						"0.5833": {
							"vector": [-123.21865, 20.29348, 9.92926]
						},
						"0.8333": {
							"vector": [-123.21865, 20.29348, 9.92926]
						},
						"0.9167": {
							"vector": [-123.21865, 20.29348, 9.92926]
						}
					},
					"position": {
						"0.0": {
							"vector": [0, 0, 0]
						},
						"0.125": {
							"vector": [0, 1.96962, 0.3473]
						},
						"0.375": {
							"vector": [0, 0, 0]
						},
						"0.4583": {
							"vector": [0, 0, 0]
						},
						"0.5833": {
							"vector": [0, 1.96962, 0.3473]
						},
						"0.8333": {
							"vector": [0, 0, 0]
						},
						"0.9167": {
							"vector": [0, 0, 0]
						}
					}
				},
				"left_arm": {
					"rotation": {
						"0.0": {
							"vector": [-91.55, -20.29, -9.93]
						},
						"0.125": {
							"vector": [-123.21865, -20.29348, -9.92926]
						},