{
	"format_version": "1.8.0",
	"animations": {
		"empty": {
			"loop": true,
			"animation_length": 1
		},
		"slide_1": {
			"loop": true,
			"bones": {
				"body": {
					"rotation": {
						"vector": [-90, 0, 0]
					},
					"position": {
						"vector": [0, -10, 0]
					}
				},
				"torso": {
					"rotation": {
						"vector": [31.70182, -22.80524, -0.506]
					},
					"position": {
						"vector": [1.69128, -1.07463, -5.01779]
					}
				},
				"head": {
					"rotation": {
						"vector": [70.83547, -4.7276, 9.17375]
					},
					"position": {
						"vector": [2.34359, 0.29399, -4.83962]
					}
				},
				"right_arm": {
					"rotation": {
						"vector": [64.43323, -44.86776, -1.04772]
					},
					"position": {
						"vector": [1.54934, 0.20698, -4.59108]
					}
				},
				"left_arm": {
					"rotation": {
						"vector": [38.23737, 60.65623, -32.39835]
					},
					"position": {
						"vector": [1.08385, -0.64018, -2.24933]
					}
				},
				"right_leg": {
					"rotation": {
						"vector": [3.22797, -11.55385, 6.36929]
					},
					"position": {
						"vector": [0.14284, 0.11562, -0.63846]
					}
				},
				"left_leg": {
					"rotation": {
						"vector": [47.61724, -52.31107, 18.01278]
					},
					"position": {
						"vector": [3.89276, 0.50148, -3.2645]
					}
				}
			}
		},
		"slide_2": {
			"loop": true,
			"animation_length": 1.625,
			"bones": {
				"body": {
					"rotation": {
						"vector": [-90, 0, 0]
					},
					"position": {
						"vector": [0, -8, 0]
					}
				},
				"torso": {
					"rotation": {
						"vector": [22.80593, 32.71836, 3.779]
					},
					"position": {
						"vector": [-0.25121, 0.19994, -3.88989]
					}
				},
				"head": {
					"rotation": {
						"vector": [89.39779, 19.57842, 16.7023]
					},
					"position": {
						"vector": [-1.12719, 0.34442, -5.31631]
					}
				},
				"right_arm": {
					"rotation": {
						"vector": [82.11999, -55.41137, 79.562]
					},
					"position": {
						"vector": [-0.53972, 2.20446, -0.44459]
					}
				},
				"left_arm": {
					"rotation": {
						"vector": [-33.68531, 59.6369, -82.16054]
					},
					"position": {
						"vector": [-1.76912, -0.29658, -5.23625]
					}
				},
				"right_leg": {
					"rotation": {
						"vector": [0, 5, 0]
					},
					"position": {
						"vector": [0, 0.5, 1]
					}
				},
				"left_leg": {
					"rotation": {
						"vector": [53.75385, 8.08064, 11.94165]
					},
					"position": {
						"vector": [-0.25394, 3.1499, -5.01848]
					}
				}
			}
		},
		"landing_roll": {
			"animation_length": 0.9167,
			"bones": {
				"body": {
					"rotation": {
						"0.0": {
							"vector": [97.5, 0, 0]
						},
						"0.2083": {
							"vector": [180, 0, 0]
						},
						"0.4583": {
							"vector": [295, 0, 0]
						},
						"0.7083": {
							"vector": [360, 0, 0]
						},
						"0.9167": {
							"vector": [360, 0, 0]
						}
					},
					"position": {
						"0.0": {
							"vector": [0, 0, 0]
						},
						"0.2083": {
							"vector": [0, 4, 0]
						},
						"0.4583": {
							"vector": [0, -8, 0]
						},
						"0.7083": {
							"vector": [0, -4.67, 0]
						},
						"0.9167": {
							"vector": [0, 0, 0]
						}
					}
				},
				"torso": {
					"rotation": {
						"0.0": {
							"vector": [0, 0, 0]
						},
						"0.2083": {
							"vector": [-11.93845, 3.73171, 17.10967]
						},
						"0.4583": {
							"vector": [16.87081, -22.71505, 9.39205]
						},
						"0.7083": {
							"vector": [2.50543, -22.59203, 1.26514]
						},
						"0.9167": {
							"vector": [0, 0, 0]
						}
					},
					"position": {
						"0.0": {
							"vector": [0, 0, 0]
						},
						"0.2083": {
							"vector": [-0.37, -0.19, -1.04]
						},
						"0.4583": {
							"vector": [-0.73172, -0.38967, -2.07672]
						},
						"0.7083": {
							"vector": [-0.73, -0.39, -2.08]
						},
						"0.9167": {
							"vector": [0, 0, 0]
						}
					}
				},
				"head": {
					"rotation": {
						"0.0": {
							"vector": [-15, 0, 0]
						},
						"0.2083": {
							"vector": [58.16499, 4.46375, 16.93839]
						},
						"0.4583": {
							"vector": [58.85773, -7.95937, 15.77663]
						},
						"0.7083": {
							"vector": [20.86042, -16.85652, 0.19944]
						},
						"0.9167": {
							"vector": [0, 0, 0]
						}
					},
					"position": {
						"0.0": {
							"vector": [0, 0, 0]
						},
						"0.2083": {
							"vector": [-0.2, -0.1, -0.68]
						},
						"0.4583": {
							"vector": [-0.40184, -0.20247, -1.35788]
						},
						"0.7083": {
							"vector": [-0.65, -0.2, -2.36]
						},
						"0.9167": {
							"vector": [0, 0, 0]
						}
					}
				},
				"right_arm": {
					"rotation": {
						"0.0": {
							"vector": [-137.93659, 6.73717, -7.40702]
						},
						"0.2083": {
							"vector": [-98.73386, -25.43811, -2.69466]
						},
						"0.4583": {
							"vector": [-27.61953, -21.09374, 7.11517]
						},
						"0.7083": {
							"vector": [-27.62, -21.09, 7.12]
						},
						"0.9167": {
							"vector": [0, 0, 0]
						}
					},
					"position": {
						"0.0": {
							"vector": [0, 0, 0]
						},
						"0.2083": {
							"vector": [0, 3, 0]
						},
						"0.4583": {
							"vector": [-0.92496, -0.4943, -3.53239]
						},
						"0.7083": {
							"vector": [-0.92, -0.49, -3.53]
						},
						"0.9167": {
							"vector": [0, 0, 0]
						}
					}
				},
				"left_arm": {
					"rotation": {
						"0.0": {
							"vector": [-140.43131, -6.40865, 7.69263]
						},
						"0.2083": {
							"vector": [-126.99885, -16.17802, 15.6557]
						},
						"0.4583": {
							"vector": [-21.29895, 54.3487, -112.60436]
						},
						"0.7083": {
							"vector": [56.67516, -8.71591, 8.71643]
						},
						"0.9167": {
							"vector": [0, 0, 0]
						}
					},
					"position": {
						"0.0": {
							"vector": [0, 0, 0]
						},
						"0.2083": {
							"vector": [-0.24, -0.64, 0.14]
						},
						"0.4583": {
							"vector": [-0.48198, -1.28645, 0.27823]
						},
						"0.7083": {
							"vector": [-0.48, -1.29, 0.28]
						},
						"0.9167": {
							"vector": [0, 0, 0]
						}
					}
				},
				"right_leg": {
					"rotation": {
						"0.0": {
							"vector": [0, 0, 0]
						},
						"0.2083": {
							"vector": [-75, 0, 0]
						},
						"0.4583": {
							"vector": [-22.5, 0, 0]
						},
						"0.7083": {
							"vector": [2.5, 0, 0]
						},
						"0.9167": {
							"vector": [0, 0, 0]
						}
					},
					"position": {
						"0.0": {
							"vector": [0, 0, 0]
						},
						"0.2083": {
							"vector": [-4, 0, -3]
						},
						"0.4583": {
							"vector": [-4, 0.88272, -0.47473]
						},
						"0.7083": {
							"vector": [0, 5.88, -6.47]
						},
						"0.9167": {
							"vector": [0, 0, 0]
						}
					}
				},
				"left_leg": {
					"rotation": {
						"0.0": {
							"vector": [-5, 0, 0]
						},
						"0.2083": {
							"vector": [-5, 0, 0]
						},
						"0.4583": {
							"vector": [-15.57639, 9.30727, 23.30696]
						},
						"0.7083": {
							"vector": [72.31466, -49.04643, 6.54556]
						},
						"0.9167": {
							"vector": [0, 0, 0]
						}
					},
					"position": {
						"0.0": {
							"vector": [0, 0, 0]
						},
						"0.2083": {
							"vector": [-4, 0, -3]
						},
						"0.4583": {
							"vector": [-3.57738, -0.97296, 0.91934]
						},
						"0.7083": {
							"vector": [2.62283, -0.53333, -2.49225]
						},
						"0.9167": {
							"vector": [0, 0, 0]
						}
					}
				}
			}
		}
	},
	"geckolib_format_version": 2
}