{
	"format_version": "1.8.0",
	"animations": {
		"new6": {
			"loop": "hold_on_last_frame",
			"animation_length": 0.5,
			"bones": {
				"body": {
					"position": {
						"0.0": {
							"vector": [0, 0, 0]
						},
						"0.25": {
							"vector": [0, 16, 0]
						},
						"0.5": {
							"vector": [0, 32, 0]
						}
					}
				},
				"torso": {
					"rotation": {
						"0.0": {
							"vector": [7.93688, -4.98093, -5.019]
						},
						"0.0833": {
							"vector": [6.76752, 38.04285, -3.91028]
						},
						"0.2083": {
							"vector": [-0.0516, 31.46834, -14.52224]
						},
						"0.25": {
							"vector": [3.00217, 31.33949, -8.66536]
						},
						"0.4583": {
							"vector": [3.99651, -25.88545, 2.99809]
						},
						"0.5": {
							"vector": [6.39027, -25.43248, -2.52653]
						}
					},
					"position": {
						"0.0": {
							"vector": [0, 2, 0]
						},
						"0.0833": {
							"vector": [0, 1, -4.5]
						},
						"0.2083": {
							"vector": [0, 1, -3]
						},
						"0.25": {
							"vector": [0, -2, -3]
						},
						"0.4583": {
							"vector": [0, 1, 0]
						},
						"0.5": {
							"vector": [0, -2, 0]
						}
					}
				},
				"head": {
					"rotation": {
						"0.0": {
							"vector": [-15.0547, 4.82922, -1.29717]
						},
						"0.2083": {
							"vector": [-26.46345, -10.97474, -5.01723]
						},
						"0.25": {
							"vector": [-30.38126, -8.64917, 5.03837]
						},
						"0.4583": {
							"vector": [-17.33113, 4.08473, 4.53608]
						},
						"0.5": {
							"vector": [-15.0547, 4.82922, -1.29717]
						}
					},
					"position": {
						"0.0": {
							"vector": [0, 2, 0]
						},
						"0.0833": {
							"vector": [0, 1, -4.5]
						},
						"0.2083": {
							"vector": [0, 1.25, -3.37]
						},
						"0.25": {
							"vector": [0, -2, -3]
						},
						"0.4583": {
							"vector": [0, 0.83, -0.5]
						},
						"0.5": {
							"vector": [0, -2, 0]
						}
					}
				},
				"right_arm": {
					"rotation": {
						"0.0": {
							"vector": [-81.15821, 49.41933, 91.57495]
						},
						"0.0833": {
							"vector": [-43.5015, 46.49223, 85.3556]
						},
						"0.25": {
							"vector": [-29.60051, 43.26972, 39.04441]
						},
						"0.3333": {
							"vector": [-27.22766, 56.3286, 78.35483]
						},
						"0.4583": {
							"vector": [-81.15821, 49.41933, 91.57495]
						},
						"0.5": {
							"vector": [-81.15821, 49.41933, 91.57495]
						}
					},
					"position": {
						"0.0": {
							"vector": [0, 2.5, 0]
						},
						"0.0833": {
							"vector": [5.5, -1, -2.25]
						},
						"0.25": {
							"vector": [4.5, -4, -1.25]
						},
						"0.4583": {
							"vector": [-0.00372, 2.20418, 0.00761]
						},
						"0.5": {
							"vector": [0, -0.5, 0]
						}
					}
				},
				"left_arm": {
					"rotation": {
						"0.0": {
							"vector": [-105, -12.5, 0]
						},
						"0.0833": {
							"vector": [-52.43912, -74.05981, -51.82954]
						},
						"0.2083": {
							"vector": [-63.00461, -81.34802, -83.42272]
						},
						"0.25": {
							"vector": [-63.00461, -81.34802, -83.42272]
						},
						"0.3333": {
							"vector": [-77.00307, -58.39868, -55.61515]
						},
						"0.4583": {
							"vector": [-44.12675, -56.05272, -7.93632]
						},
						"0.5": {
							"vector": [-56.50132, -55.27073, 7.95662]
						}
					},
					"position": {
						"0.0": {
							"vector": [0, 1.5, 0]
						},
						"0.0833": {
							"vector": [0, 1, -5.5]
						},
						"0.2083": {
							"vector": [0, 3.13, -5.12]
						},
						"0.25": {
							"vector": [0, 0.5, -5]
						},
						"0.3333": {
							"vector": [-2, -3.17, -1.33]
						},
						"0.4583": {
							"vector": [-2, 0.83, 1.67]
						},
						"0.5": {
							"vector": [-2, -1.17, 1.67]
						}
					}
				},
				"right_leg": {
					"rotation": {
						"0.0": {
							"vector": [0, -5, 0]
						},
						"0.2083": {
							"vector": [-14.58779, -9.79271, -12.45176]
						},
						"0.25": {
							"vector": [-19.58779, -9.79271, -12.45176]
						},
						"0.3333": {
							"vector": [19.44147, -12.36181, -8.30117]
						},
						"0.4583": {
							"vector": [-14.64057, -14.44413, 5.48215]
						},
						"0.5": {
							"vector": [-15.82513, -13.12957, 10.44958]
						}
					},
					"position": {
						"0.0": {
							"vector": [1, 2.25, 1.75]
						},
						"0.0833": {
							"vector": [-1.5, 8.63, -3.62]
						},
						"0.2083": {
							"vector": [-4, 18.25, -4]
						},
						"0.25": {
							"vector": [-4, 15, -3]
						},
						"0.3333": {
							"vector": [-2.33, 9.75, -7.42]
						},
						"0.4583": {
							"vector": [-0.83, 1.13, -2.04]
						},
						"0.5": {
							"vector": [0.17, -1.75, -2.04]
						}
					}
				},
				"left_leg": {
					"rotation": {
						"0.0": {
							"vector": [-14.87739, 1.93597, 12.24721]
						},
						"0.0833": {
							"vector": [13.67071, -1.70565, 5.96097]
						},
						"0.25": {
							"vector": [-7.43656, 0.9762, 7.43656]
						},
						"0.4583": {
							"vector": [-14.87739, 1.93597, 12.24721]
						},
						"0.5": {
							"vector": [-14.87739, 1.93597, 12.24721]
						}
					},
					"position": {
						"0.0": {
							"vector": [3, 15, -3]
						},
						"0.0833": {
							"vector": [1.5, 10.5, -9.5]
						},
						"0.25": {
							"vector": [2, 0, -4]
						},
						"0.4583": {
							"vector": [3, 19, -3]
						},
						"0.5": {
							"vector": [3, 15, -3]
						}
					}
				},
				"bone": {
					"position": {
						"0.0": {
							"vector": [-16, 0, -16]
						},
						"0.25": {
							"vector": [-16, 11, -16]
						},
						"0.5": {
							"vector": [-16, 0, -16]
						}
					}
				}
			}
		}
	}
}